# S_reproducibility_values.json -> WIDE (record table at 'tissues', 8 rows)
source_tsv	n_tissues	median_pct_of_signal	min_pct	max_pct	min_r	max_r	highlighted	tissue	pack	n_bams	old_psites	new_psites	pct_total_change	pct_of_signal	pearson
/private/groups/carpenterlab/emalekos/RNAZoo_meta/RNAZoo/experiments/riboseq_signal_model/results/chothani_regeneration/divergence_by_tissue.tsv	8	3.8596197	3.0389172	11.655602	0.43201818	0.9800036	HUVEC	Hepatocytes	packed_union_Hepatocytes	5	1159703745	1134988915	-2.1311330679543508	3.162565970673829	0.9678742244517148
/private/groups/carpenterlab/emalekos/RNAZoo_meta/RNAZoo/experiments/riboseq_signal_model/results/chothani_regeneration/divergence_by_tissue.tsv	8	3.8596197	3.0389172	11.655602	0.43201818	0.9800036	HUVEC	Fibroblast	packed_union	32	1093425533	1069763798	-2.1640005913415963	3.7065434981021244	0.937357151934636
/private/groups/carpenterlab/emalekos/RNAZoo_meta/RNAZoo/experiments/riboseq_signal_model/results/chothani_regeneration/divergence_by_tissue.tsv	8	3.8596197	3.0389172	11.655602	0.43201818	0.9800036	HUVEC	HCAEC	packed_union_HCAEC	5	714826272	698883779	-2.230261201143989	3.2022495390320516	0.918529984498176
/private/groups/carpenterlab/emalekos/RNAZoo_meta/RNAZoo/experiments/riboseq_signal_model/results/chothani_regeneration/divergence_by_tissue.tsv	8	3.8596197	3.0389172	11.655602	0.43201818	0.9800036	HUVEC	Fat	packed_union_Fat	6	581557882	565127456	-2.825243455302356	11.655601634507638	0.8441980531135999
/private/groups/carpenterlab/emalekos/RNAZoo_meta/RNAZoo/experiments/riboseq_signal_model/results/chothani_regeneration/divergence_by_tissue.tsv	8	3.8596197	3.0389172	11.655602	0.43201818	0.9800036	HUVEC	ES	packed_union_ES	6	508576671	494036270	-2.859038140976781	4.012695855646119	0.9800036010130236
/private/groups/carpenterlab/emalekos/RNAZoo_meta/RNAZoo/experiments/riboseq_signal_model/results/chothani_regeneration/divergence_by_tissue.tsv	8	3.8596197	3.0389172	11.655602	0.43201818	0.9800036	HUVEC	VSMC	packed_union_VSMC	11	486734365	474479065	-2.5178620786309183	5.852911988246402	0.8373085604028164
/private/groups/carpenterlab/emalekos/RNAZoo_meta/RNAZoo/experiments/riboseq_signal_model/results/chothani_regeneration/divergence_by_tissue.tsv	8	3.8596197	3.0389172	11.655602	0.43201818	0.9800036	HUVEC	HA_EC	packed_union_HA_EC	6	173184690	168061399	-2.958281704924379	8.00922471842055	0.43201817763928846
/private/groups/carpenterlab/emalekos/RNAZoo_meta/RNAZoo/experiments/riboseq_signal_model/results/chothani_regeneration/divergence_by_tissue.tsv	8	3.8596197	3.0389172	11.655602	0.43201818	0.9800036	HUVEC	HUVEC	packed_union_HUVEC	3	95959146	93886013	-2.160432940910083	3.038917207537466	0.9566942211379967
