# metagene_meta.json -> WIDE (record table at 'packs', 8 rows)
position_semantics	anchor_zero	coordinates	transcripts	n_tx_varies_with_offset	psites_norm	tissue	pack	n_tx
P-SITE, not read 5' end. Pack targets come from RiboCode process_bam after applying the metaplots-derived per-read-length offset.	start: first nt of the start codon (A of AUG). stop: first nt of the stop codon.	transcript (not genomic); no splicing correction needed	annotated CDS AND has_start_codon == 1 in data/tx2cds.tsv	yes -- a transcript contributes to an offset only if that offset exists in it. Divide psites by the per-row n_tx, never by a global count, or the window edges decay for the wrong reason.	each transcript scaled to sum 1 within its own window before pooling; removes the dominance of highly translated genes that `psites` has	Fibroblast	/private/groups/carpenterlab/emalekos/RNAZoo_meta/RNAZoo/experiments/riboseq_signal_model/data/packed_canon	71116
P-SITE, not read 5' end. Pack targets come from RiboCode process_bam after applying the metaplots-derived per-read-length offset.	start: first nt of the start codon (A of AUG). stop: first nt of the stop codon.	transcript (not genomic); no splicing correction needed	annotated CDS AND has_start_codon == 1 in data/tx2cds.tsv	yes -- a transcript contributes to an offset only if that offset exists in it. Divide psites by the per-row n_tx, never by a global count, or the window edges decay for the wrong reason.	each transcript scaled to sum 1 within its own window before pooling; removes the dominance of highly translated genes that `psites` has	ES	/private/groups/carpenterlab/emalekos/RNAZoo_meta/RNAZoo/experiments/riboseq_signal_model/data/packed_canon_ES	71116
P-SITE, not read 5' end. Pack targets come from RiboCode process_bam after applying the metaplots-derived per-read-length offset.	start: first nt of the start codon (A of AUG). stop: first nt of the stop codon.	transcript (not genomic); no splicing correction needed	annotated CDS AND has_start_codon == 1 in data/tx2cds.tsv	yes -- a transcript contributes to an offset only if that offset exists in it. Divide psites by the per-row n_tx, never by a global count, or the window edges decay for the wrong reason.	each transcript scaled to sum 1 within its own window before pooling; removes the dominance of highly translated genes that `psites` has	Fat	/private/groups/carpenterlab/emalekos/RNAZoo_meta/RNAZoo/experiments/riboseq_signal_model/data/packed_canon_Fat	71116
P-SITE, not read 5' end. Pack targets come from RiboCode process_bam after applying the metaplots-derived per-read-length offset.	start: first nt of the start codon (A of AUG). stop: first nt of the stop codon.	transcript (not genomic); no splicing correction needed	annotated CDS AND has_start_codon == 1 in data/tx2cds.tsv	yes -- a transcript contributes to an offset only if that offset exists in it. Divide psites by the per-row n_tx, never by a global count, or the window edges decay for the wrong reason.	each transcript scaled to sum 1 within its own window before pooling; removes the dominance of highly translated genes that `psites` has	HA_EC	/private/groups/carpenterlab/emalekos/RNAZoo_meta/RNAZoo/experiments/riboseq_signal_model/data/packed_canon_HA_EC	71116
P-SITE, not read 5' end. Pack targets come from RiboCode process_bam after applying the metaplots-derived per-read-length offset.	start: first nt of the start codon (A of AUG). stop: first nt of the stop codon.	transcript (not genomic); no splicing correction needed	annotated CDS AND has_start_codon == 1 in data/tx2cds.tsv	yes -- a transcript contributes to an offset only if that offset exists in it. Divide psites by the per-row n_tx, never by a global count, or the window edges decay for the wrong reason.	each transcript scaled to sum 1 within its own window before pooling; removes the dominance of highly translated genes that `psites` has	HCAEC	/private/groups/carpenterlab/emalekos/RNAZoo_meta/RNAZoo/experiments/riboseq_signal_model/data/packed_canon_HCAEC	71116
P-SITE, not read 5' end. Pack targets come from RiboCode process_bam after applying the metaplots-derived per-read-length offset.	start: first nt of the start codon (A of AUG). stop: first nt of the stop codon.	transcript (not genomic); no splicing correction needed	annotated CDS AND has_start_codon == 1 in data/tx2cds.tsv	yes -- a transcript contributes to an offset only if that offset exists in it. Divide psites by the per-row n_tx, never by a global count, or the window edges decay for the wrong reason.	each transcript scaled to sum 1 within its own window before pooling; removes the dominance of highly translated genes that `psites` has	HUVEC	/private/groups/carpenterlab/emalekos/RNAZoo_meta/RNAZoo/experiments/riboseq_signal_model/data/packed_canon_HUVEC	71116
P-SITE, not read 5' end. Pack targets come from RiboCode process_bam after applying the metaplots-derived per-read-length offset.	start: first nt of the start codon (A of AUG). stop: first nt of the stop codon.	transcript (not genomic); no splicing correction needed	annotated CDS AND has_start_codon == 1 in data/tx2cds.tsv	yes -- a transcript contributes to an offset only if that offset exists in it. Divide psites by the per-row n_tx, never by a global count, or the window edges decay for the wrong reason.	each transcript scaled to sum 1 within its own window before pooling; removes the dominance of highly translated genes that `psites` has	Hepatocytes	/private/groups/carpenterlab/emalekos/RNAZoo_meta/RNAZoo/experiments/riboseq_signal_model/data/packed_canon_Hepatocytes	71116
P-SITE, not read 5' end. Pack targets come from RiboCode process_bam after applying the metaplots-derived per-read-length offset.	start: first nt of the start codon (A of AUG). stop: first nt of the stop codon.	transcript (not genomic); no splicing correction needed	annotated CDS AND has_start_codon == 1 in data/tx2cds.tsv	yes -- a transcript contributes to an offset only if that offset exists in it. Divide psites by the per-row n_tx, never by a global count, or the window edges decay for the wrong reason.	each transcript scaled to sum 1 within its own window before pooling; removes the dominance of highly translated genes that `psites` has	VSMC	/private/groups/carpenterlab/emalekos/RNAZoo_meta/RNAZoo/experiments/riboseq_signal_model/data/packed_canon_VSMC	71116
