tissue	anchor	offset_nt	psites	n_tx	psites_norm
pooled	start	-50	505475	483288	1191.997415
pooled	start	-49	649535	484872	1246.557812
pooled	start	-48	955189	486840	1351.846710
pooled	start	-47	572014	488336	1202.736378
pooled	start	-46	661138	489752	1232.734579
pooled	start	-45	1032242	491264	1293.338422
pooled	start	-44	754749	492920	1189.365801
pooled	start	-43	565164	494456	1131.740706
pooled	start	-42	854426	496368	1158.874565
pooled	start	-41	773950	498144	1191.467486
pooled	start	-40	672474	500192	1145.566224
pooled	start	-39	840273	501928	1216.573684
pooled	start	-38	516482	503680	1142.305654
pooled	start	-37	727288	505592	1101.097080
pooled	start	-36	1142827	507648	1301.389412
pooled	start	-35	684319	509608	1116.982746
pooled	start	-34	678855	511272	1067.293982
pooled	start	-33	996365	513280	1144.927460
pooled	start	-32	617790	515088	1084.427897
pooled	start	-31	654570	517216	1107.135372
pooled	start	-30	1087282	519576	1143.032987
pooled	start	-29	625029	521792	1034.424798
pooled	start	-28	1060270	523744	1260.129709
pooled	start	-27	1603639	525848	1218.942603
pooled	start	-26	668781	528376	1099.522279
pooled	start	-25	858351	530352	1273.953986
pooled	start	-24	1178587	532520	1231.503248
pooled	start	-23	937572	534560	1110.043780
pooled	start	-22	770831	536632	1247.386392
pooled	start	-21	1045596	538944	1293.100789
pooled	start	-20	780466	540880	1075.722748
pooled	start	-19	736482	542656	1070.676042
pooled	start	-18	1356244	544160	1280.743528
pooled	start	-17	1549213	545864	1172.854407
pooled	start	-16	966533	547664	1034.478489
pooled	start	-15	1154834	549464	1094.210921
pooled	start	-14	1129545	550928	1211.118722
pooled	start	-13	1184176	552616	1268.143667
pooled	start	-12	1492487	554104	1354.483405
pooled	start	-11	1001756	555584	1377.896013
pooled	start	-10	1073972	556720	1123.495173
pooled	start	-9	1348546	558112	1170.875496
pooled	start	-8	813736	559056	1050.297615
pooled	start	-7	567231	559888	870.710466
pooled	start	-6	977909	560768	1003.063760
pooled	start	-5	1027659	561488	1189.645865
pooled	start	-4	532332	562224	818.309309
pooled	start	-3	999871	562656	979.639822
pooled	start	-2	1385639	562992	1467.141867
pooled	start	-1	2963875	563312	2545.023368
pooled	start	0	47715529	568928	21829.198720
pooled	start	1	3338971	568928	2242.929995
pooled	start	2	1949150	568928	1783.662113
pooled	start	3	16771333	568920	9376.218644
pooled	start	4	1330013	568920	1219.587975
pooled	start	5	1004016	568920	1219.557673
pooled	start	6	8247464	568896	5618.435920
pooled	start	7	985285	568888	1030.032332
pooled	start	8	1293181	568872	1542.877271
pooled	start	9	11820992	568864	8054.272500
pooled	start	10	906997	568824	922.077660
pooled	start	11	1209733	568800	1295.436105
pooled	start	12	13715588	568784	8416.053153
pooled	start	13	1051131	568776	1076.824555
pooled	start	14	993273	568752	1044.172024
pooled	start	15	8908117	568720	5725.314423
pooled	start	16	1228709	568680	1026.929259
pooled	start	17	1159655	568680	1155.762862
pooled	start	18	7799110	568664	5517.443677
pooled	start	19	1053928	568648	956.087295
pooled	start	20	967155	568624	1081.950832
pooled	start	21	8649921	568616	5483.890377
pooled	start	22	1122267	568608	1012.840871
pooled	start	23	1112536	568592	1091.067628
pooled	start	24	8870387	568584	5443.066286
pooled	start	25	1154033	568576	989.691611
pooled	start	26	1192506	568560	1004.202648
pooled	start	27	8678516	568520	5078.720706
pooled	start	28	1318952	568504	946.580570
pooled	start	29	1224666	568488	1025.398026
pooled	start	30	9094450	568464	5547.286729
pooled	start	31	1108534	568432	975.569684
pooled	start	32	1248030	568416	1029.775421
pooled	start	33	10175221	568400	5364.584085
pooled	start	34	1457257	568392	975.096233
pooled	start	35	1124768	568368	1013.052255
pooled	start	36	10528481	568360	5301.513572
pooled	start	37	1261019	568360	1008.527856
pooled	start	38	1173601	568336	1011.407464
pooled	start	39	9064218	568312	5355.139452
pooled	start	40	1127596	568280	942.082436
pooled	start	41	1289749	568248	1035.244437
pooled	start	42	8332595	568208	5297.583795
pooled	start	43	970271	568192	946.850810
pooled	start	44	972426	568168	977.727897
pooled	start	45	9739135	568144	5542.554925
pooled	start	46	1036487	568112	938.067262
pooled	start	47	1060312	568104	1063.787225
pooled	start	48	8249846	568088	5418.139824
pooled	start	49	965147	568056	940.533241
pooled	start	50	1035409	568048	1072.406502
pooled	start	51	9948551	568032	5646.839856
pooled	start	52	981256	567968	931.399802
pooled	start	53	941814	567952	949.677249
pooled	start	54	8727104	567936	5567.817404
pooled	start	55	866569	567928	951.302651
pooled	start	56	999215	567912	932.307069
pooled	start	57	10561258	567904	5731.922774
pooled	start	58	1294920	567872	987.115285
pooled	start	59	1435002	567848	1005.194116
pooled	start	60	12378837	567840	5972.651866
pooled	start	61	1086765	567840	968.558978
pooled	start	62	1343163	567824	1025.395374
pooled	start	63	10612406	567784	6077.953290
pooled	start	64	1135531	567760	984.888872
pooled	start	65	1038357	567728	1032.936561
pooled	start	66	9005777	567680	5951.238255
pooled	start	67	1107184	567624	971.719454
pooled	start	68	1182330	567608	1019.403964
pooled	start	69	11268934	567576	6191.453777
pooled	start	70	1260036	567544	964.475467
pooled	start	71	1275593	567520	1019.331729
pooled	start	72	10353857	567504	6077.019973
pooled	start	73	1224933	567448	1017.663158
pooled	start	74	1183265	567408	1067.859898
pooled	start	75	9671389	567360	6303.110360
pooled	start	76	1150235	567336	1000.967497
pooled	start	77	1129958	567296	978.145921
pooled	start	78	9206031	567280	6062.967141
pooled	start	79	1215169	567232	938.019679
pooled	start	80	1176547	567216	1020.752667
pooled	start	81	8603959	567208	6259.263653
pooled	start	82	1062097	567184	987.701820
pooled	start	83	1150416	567184	1035.327291
pooled	start	84	9838466	567136	6219.250488
pooled	start	85	1206501	567104	1039.932182
pooled	start	86	1230697	567096	1020.513010
pooled	start	87	10503388	567048	6036.670081
pooled	start	88	1076364	567040	962.113295
pooled	start	89	1151087	567008	940.049473
pooled	start	90	12035281	566968	6316.116752
pooled	start	91	1245562	566936	1073.555153
pooled	start	92	1140527	566920	1037.442578
pooled	start	93	10122417	566880	6187.291493
pooled	start	94	1312327	566808	1041.639049
pooled	start	95	1171130	566784	1017.536146
pooled	start	96	10849224	566760	6244.986370
pooled	start	97	1496029	566744	1006.797174
pooled	start	98	1059212	566704	990.044288
pooled	start	99	9830901	566656	6301.679549
pooled	start	100	1270800	566624	1025.341955
pooled	start	101	1133584	566608	1024.361397
pooled	start	102	9365642	566568	6353.017814
pooled	start	103	1146082	566544	1066.712197
pooled	start	104	1007894	566528	1008.321388
pooled	start	105	9689059	566472	6688.857247
pooled	start	106	1168759	566448	1043.916496
pooled	start	107	1049674	566408	975.251124
pooled	start	108	10620305	566352	6519.000708
pooled	start	109	1253730	566320	1029.892740
pooled	start	110	1149091	566288	965.137634
pooled	start	111	11125140	566256	6520.806469
pooled	start	112	1211754	566208	1033.236587
pooled	start	113	1172544	566200	959.159271
pooled	start	114	10018912	566192	6583.764547
pooled	start	115	1120109	566152	1020.221454
pooled	start	116	965445	566088	955.645129
pooled	start	117	9456021	566056	6473.747883
pooled	start	118	1230584	566032	1131.819258
pooled	start	119	1101693	566008	926.476338
pooled	start	120	10142567	565944	6313.510217
pooled	start	121	1282896	565920	1050.829482
pooled	start	122	1429384	565880	1003.026138
pooled	start	123	10603593	565864	6643.230500
pooled	start	124	1205510	565856	1070.883491
pooled	start	125	1215499	565824	1037.056480
pooled	start	126	10751534	565784	6792.946661
pooled	start	127	1062779	565776	1066.946684
pooled	start	128	994486	565752	1008.403732
pooled	start	129	11528235	565672	6785.356920
pooled	start	130	1333744	565640	1107.977002
pooled	start	131	1055747	565616	993.350373
pooled	start	132	13076796	565568	6837.387775
pooled	start	133	1402679	565528	1060.469546
pooled	start	134	1178058	565464	1033.665580
pooled	start	135	10601251	565424	6651.583096
pooled	start	136	1039376	565368	989.132899
pooled	start	137	1098783	565328	1005.481652
pooled	start	138	9931314	565296	6662.743267
pooled	start	139	1110009	565280	1040.421626
pooled	start	140	930162	565208	961.746779
pooled	start	141	9195624	565136	6689.431728
pooled	start	142	1095642	565112	1085.447706
pooled	start	143	1108488	565064	1048.620305
pooled	start	144	11117202	564984	7402.893490
pooled	start	145	1293552	564952	1112.414122
pooled	start	146	1156587	564872	1034.595683
pooled	start	147	11159768	564832	7332.648976
pooled	start	148	1253761	564808	1212.727899
pooled	start	149	1264831	564768	1153.944011
pooled	start	150	10889019	564736	7826.293161
pooled	stop	-150	12134153	568392	8289.061616
pooled	stop	-149	1338404	568400	1191.314618
pooled	stop	-148	1067750	568400	1150.378831
pooled	stop	-147	9021847	568416	7590.278190
pooled	stop	-146	1098667	568424	1051.764587
pooled	stop	-145	983033	568424	1083.418037
pooled	stop	-144	9928215	568440	7461.368641
pooled	stop	-143	1326098	568456	1031.481495
pooled	stop	-142	1063607	568472	1068.556822
pooled	stop	-141	8765809	568488	7040.127847
pooled	stop	-140	1093426	568488	1020.388666
pooled	stop	-139	1113477	568488	1093.243785
pooled	stop	-138	8784632	568496	7033.756921
pooled	stop	-137	1112077	568504	992.755730
pooled	stop	-136	1144903	568512	1123.640367
pooled	stop	-135	9632333	568512	7090.720236
pooled	stop	-134	1318834	568512	995.833909
pooled	stop	-133	1059846	568536	1114.076564
pooled	stop	-132	8855082	568552	7014.197941
pooled	stop	-131	1064976	568560	960.617379
pooled	stop	-130	933997	568560	1037.527705
pooled	stop	-129	8865240	568576	7012.734169
pooled	stop	-128	1143925	568592	967.518597
pooled	stop	-127	1107447	568600	1080.298431
pooled	stop	-126	8966390	568608	7069.324006
pooled	stop	-125	1188621	568616	990.772560
pooled	stop	-124	1158388	568616	1046.660949
pooled	stop	-123	10682058	568656	6967.191252
pooled	stop	-122	1203245	568656	1005.101872
pooled	stop	-121	1175329	568664	1077.275635
pooled	stop	-120	9555323	568664	7093.860557
pooled	stop	-119	1240583	568672	964.186089
pooled	stop	-118	1093048	568672	1014.535125
pooled	stop	-117	9941785	568672	6906.137932
pooled	stop	-116	1154427	568680	971.728791
pooled	stop	-115	1035759	568688	1022.076916
pooled	stop	-114	9565885	568696	6829.887884
pooled	stop	-113	1132459	568704	978.937397
pooled	stop	-112	1092813	568712	1018.494400
pooled	stop	-111	9774501	568720	6847.044241
pooled	stop	-110	1048903	568720	958.530687
pooled	stop	-109	1280681	568728	1056.560480
pooled	stop	-108	10000487	568728	6960.079634
pooled	stop	-107	1175254	568736	970.372868
pooled	stop	-106	1200816	568744	1057.263151
pooled	stop	-105	9362857	568760	6633.289809
pooled	stop	-104	1161474	568760	946.193542
pooled	stop	-103	1115672	568768	1032.515360
pooled	stop	-102	9348776	568768	6810.346225
pooled	stop	-101	1265194	568776	966.004090
pooled	stop	-100	1360305	568784	1072.332387
pooled	stop	-99	10294383	568792	6847.301549
pooled	stop	-98	1097739	568792	928.290713
pooled	stop	-97	1212775	568800	1031.895154
pooled	stop	-96	8893412	568808	6788.358382
pooled	stop	-95	1166349	568816	952.860370
pooled	stop	-94	1231144	568824	1059.820959
pooled	stop	-93	9787543	568848	7067.447845
pooled	stop	-92	1079254	568856	991.250875
pooled	stop	-91	1043756	568856	994.356186
pooled	stop	-90	10241420	568856	6674.998474
pooled	stop	-89	1653538	568856	960.777321
pooled	stop	-88	1342842	568856	1023.291357
pooled	stop	-87	12240543	568856	6871.572640
pooled	stop	-86	1269279	568856	939.697455
pooled	stop	-85	1093071	568856	1074.125821
pooled	stop	-84	10946331	568872	6735.360326
pooled	stop	-83	1172046	568872	950.764852
pooled	stop	-82	1248646	568872	1024.683020
pooled	stop	-81	9624107	568880	6841.022075
pooled	stop	-80	1163980	568880	900.386607
pooled	stop	-79	1142183	568880	984.584766
pooled	stop	-78	9688712	568880	6813.364716
pooled	stop	-77	1203177	568880	987.009153
pooled	stop	-76	1301890	568880	1046.158666
pooled	stop	-75	10102980	568888	6748.681497
pooled	stop	-74	1109878	568896	932.399317
pooled	stop	-73	1053556	568904	1058.269414
pooled	stop	-72	9295203	568912	6826.840029
pooled	stop	-71	1120063	568912	981.896669
pooled	stop	-70	1167340	568912	1041.312747
pooled	stop	-69	8732853	568912	6906.823473
pooled	stop	-68	1126056	568912	933.620861
pooled	stop	-67	1083111	568912	1064.979627
pooled	stop	-66	9572688	568920	7027.199603
pooled	stop	-65	1144761	568920	998.305904
pooled	stop	-64	1199131	568920	1054.691891
pooled	stop	-63	8682320	568928	7014.692850
pooled	stop	-62	1133347	568928	951.819349
pooled	stop	-61	1083415	568928	981.331913
pooled	stop	-60	9679168	568928	6751.279823
pooled	stop	-59	1297735	568928	1015.044387
pooled	stop	-58	1108647	568928	1032.153210
pooled	stop	-57	9848438	568928	6643.665640
pooled	stop	-56	1137417	568928	965.488817
pooled	stop	-55	1060463	568928	1048.900837
pooled	stop	-54	9149635	568928	6784.630982
pooled	stop	-53	1120880	568928	915.990887
pooled	stop	-52	1110110	568928	1102.206879
pooled	stop	-51	8951488	568928	6588.371432
pooled	stop	-50	1068474	568928	926.760453
pooled	stop	-49	1065481	568928	1041.012977
pooled	stop	-48	8417366	568928	6565.814279
pooled	stop	-47	976104	568928	933.887354
pooled	stop	-46	1084673	568928	1017.246848
pooled	stop	-45	9089848	568928	6528.925992
pooled	stop	-44	1292478	568928	930.950412
pooled	stop	-43	1226767	568928	1018.880205
pooled	stop	-42	9147943	568928	6592.805529
pooled	stop	-41	977768	568928	956.849234
pooled	stop	-40	1084834	568928	994.328307
pooled	stop	-39	9040128	568928	6595.753167
pooled	stop	-38	994586	568928	910.096109
pooled	stop	-37	1154802	568928	1049.605619
pooled	stop	-36	10143273	568928	6983.564290
pooled	stop	-35	1160175	568928	994.684573
pooled	stop	-34	1272774	568928	1115.079501
pooled	stop	-33	10170611	568928	7632.927896
pooled	stop	-32	1360099	568928	1048.391446
pooled	stop	-31	1360012	568928	1119.504372
pooled	stop	-30	12641637	568928	7373.245729
pooled	stop	-29	1406536	568928	1107.269335
pooled	stop	-28	1251803	568928	1162.994805
pooled	stop	-27	9530666	568928	6922.544845
pooled	stop	-26	1086883	568928	993.643703
pooled	stop	-25	1104515	568928	1078.213579
pooled	stop	-24	8938230	568928	6687.892850
pooled	stop	-23	1177402	568928	981.994350
pooled	stop	-22	1164202	568928	1104.843980
pooled	stop	-21	11009354	568928	6864.526343
pooled	stop	-20	1138705	568928	1017.206308
pooled	stop	-19	1177459	568928	1071.665749
pooled	stop	-18	8889553	568928	6510.605822
pooled	stop	-17	1114281	568928	1037.534835
pooled	stop	-16	1194933	568928	1103.832228
pooled	stop	-15	10491068	568928	6441.700086
pooled	stop	-14	1144465	568928	1007.778073
pooled	stop	-13	879753	568928	831.981276
pooled	stop	-12	6850204	568928	5125.034893
pooled	stop	-11	792968	568928	632.110762
pooled	stop	-10	1189290	568928	948.687962
pooled	stop	-9	14970146	568928	9471.633130
pooled	stop	-8	1867321	568928	1234.561253
pooled	stop	-7	1228813	568928	1168.290232
pooled	stop	-6	10080456	568928	7619.128875
pooled	stop	-5	869498	568928	800.701397
pooled	stop	-4	754988	568928	801.269985
pooled	stop	-3	8185215	568928	6575.422013
pooled	stop	-2	898598	568928	882.428436
pooled	stop	-1	1520175	568928	1441.495412
pooled	stop	0	42348902	568928	29752.660093
pooled	stop	1	7379355	568928	4564.703066
pooled	stop	2	1484796	568928	1304.048587
pooled	stop	3	1392338	529936	908.104387
pooled	stop	4	308492	529936	298.042909
pooled	stop	5	255097	529928	248.747820
pooled	stop	6	199949	525752	162.316601
pooled	stop	7	326289	525528	266.003328
pooled	stop	8	212226	525312	231.497407
pooled	stop	9	128034	525240	156.442530
pooled	stop	10	184924	524992	216.946250
pooled	stop	11	202180	524936	232.570831
pooled	stop	12	104386	524768	122.289417
pooled	stop	13	159311	524592	210.664072
pooled	stop	14	238413	524440	286.106959
pooled	stop	15	116758	524304	163.892951
pooled	stop	16	135383	524200	219.321417
pooled	stop	17	129892	524080	186.934940
pooled	stop	18	86235	523936	114.414190
pooled	stop	19	126817	523808	165.751774
pooled	stop	20	122808	523616	150.806899
pooled	stop	21	80226	523312	133.013046
pooled	stop	22	114052	523072	184.848678
pooled	stop	23	116181	522776	177.334535
pooled	stop	24	71017	522336	124.761656
pooled	stop	25	124099	521944	175.968050
pooled	stop	26	130417	521664	263.346047
pooled	stop	27	79502	521408	139.576674
pooled	stop	28	141140	521184	161.902814
pooled	stop	29	103226	520928	156.192777
pooled	stop	30	57565	520760	134.058651
pooled	stop	31	107466	520576	180.652573
pooled	stop	32	126595	520232	174.749391
pooled	stop	33	54634	520016	109.388564
pooled	stop	34	115365	519792	175.742627
pooled	stop	35	129054	519552	190.009228
pooled	stop	36	75740	519240	133.716834
pooled	stop	37	134614	518968	202.483648
pooled	stop	38	138123	518496	175.804383
pooled	stop	39	97569	518224	162.550431
pooled	stop	40	135971	517904	221.323583
pooled	stop	41	120590	517384	191.428121
pooled	stop	42	90600	517064	127.929469
pooled	stop	43	165110	516544	181.624421
pooled	stop	44	115854	516016	184.687031
pooled	stop	45	302052	515560	123.258719
pooled	stop	46	126256	515200	208.917929
pooled	stop	47	133169	514600	180.104899
pooled	stop	48	70735	514200	108.539358
pooled	stop	49	136379	513728	203.073972
pooled	stop	50	115550	513136	203.696403
