# learned_vs_empirical_vs_heuristic.json -> LONG (no record table; one row per value)
path	value
run	v3_learned_onehot_fib2hep
learned_available	true
learned_vs_empirical_pearson_r	0.80734052
bias	0.12869933
kernel_pos	-6;-5;-4;-3;-2;-1;1;2;3;4
nt_order	A;C;G;T
learned_kernel_4x10[0]	-0.08897208422422409;-0.12690819799900055;0.027308175340294838;0.32802343368530273;0.014815261587500572;0.15074726939201355;0.09608979523181915;-0.1131550520658493;-0.1622316986322403;-0.010348990559577942
learned_kernel_4x10[1]	0.06807581335306168;0.18725979328155518;0.13353900611400604;-0.3773976266384125;0.09923543781042099;0.04003818705677986;0.10446250438690186;0.37510690093040466;-0.002133492147549987;-0.04208885133266449
learned_kernel_4x10[2]	0.217945396900177;0.3786989748477936;-0.05764711648225784;0.4314285218715668;0.003105781739577651;0.12937435507774353;0.2528518736362457;-0.47316235303878784;0.036105599254369736;0.1283046156167984
learned_kernel_4x10[3]	0.050485413521528244;0.11594269424676895;-0.24138619005680084;-0.4301396608352661;-0.10478602349758148;-0.1670476794242859;-0.09752734750509262;0.2303878515958786;0.04612542688846588;0.14031530916690826
