species	annver	assembly_accession	assembly_name	annotation_source	biotype_convention	source_detected	genome_bp	mito_contig	mito_retyped	n_genes	n_transcriptome	n_tx2gene	n_ncrna_tx	ncrna_composition	star_sjdbOverhang	star_SAindexNbases	star_size	salmon_num_refs	salmon_num_decoys	salmon_k	salmon_size	n_ribocode	ribocode_ratio	ribocode_size	genome	raw_gtf	normalized_gtf	transcriptome_fa	ncrna_tx	tx_to_gene	star_index	salmon_index	ribocode_annot
yeast	R64	GCF_000146045.2	R64	SGD R64-5-1	gene_biotype	refseq	12157105	NC_001224.1	26	6477	6477	6477	316	tRNA 275, Mt_tRNA 24, rRNA 12, Mt_rRNA 2, RNase_P_RNA 1, SRP_RNA 1, RNase_MRP_RNA 1	132	10	118M	6310	17	31	299M	6477	1.000	23M	/private/groups/carpenterlab/emalekos/genomes/xspecies_refs/yeast/genome.fna	/private/groups/carpenterlab/emalekos/genomes/xspecies_refs/yeast/genomic.gtf	/private/groups/carpenterlab/emalekos/RNAZoo_meta/RNAZoo/experiments/riboseq_signal_model/data/annot/yeast/yeast.normalized.gtf	/private/groups/carpenterlab/emalekos/RNAZoo_meta/RNAZoo/experiments/riboseq_signal_model/data/annot/yeast/transcripts.fa	/private/groups/carpenterlab/emalekos/RNAZoo_meta/RNAZoo/experiments/riboseq_signal_model/data/annot/yeast/ncrna_tx.txt	/private/groups/carpenterlab/emalekos/RNAZoo_meta/RNAZoo/experiments/riboseq_signal_model/data/annot/yeast/tx_to_gene.tsv	/private/groups/carpenterlab/emalekos/STAR_indexes/star_index_yeast_R64	/private/groups/carpenterlab/emalekos/Salmon_indexes/salmon_index_decoy_yeast_R64	/private/groups/carpenterlab/emalekos/RNAZoo_meta/RNAZoo/experiments/riboseq_signal_model/data/ribocode_annot_yeast
celegans	WBcel235	GCF_000002985.6	WBcel235	WormBase WS298	gene_biotype	refseq	100286401	NC_001328.1	24	46926	0	56729	1586	miRNA 720, tRNA 612, tRNA_pseudogene 209, Mt_tRNA 22, rRNA 20, Mt_rRNA 2, rRNA_pseudogene 1	49	12	1.1G	56170	7	31	2.5G	56729	-	152M	/private/groups/carpenterlab/emalekos/genomes/xspecies_refs/celegans/genome.fna	/private/groups/carpenterlab/emalekos/genomes/xspecies_refs/celegans/genomic.gtf	/private/groups/carpenterlab/emalekos/RNAZoo_meta/RNAZoo/experiments/riboseq_signal_model/data/annot/celegans/celegans.normalized.gtf	/private/groups/carpenterlab/emalekos/RNAZoo_meta/RNAZoo/experiments/riboseq_signal_model/data/annot/celegans/transcripts.fa	/private/groups/carpenterlab/emalekos/RNAZoo_meta/RNAZoo/experiments/riboseq_signal_model/data/annot/celegans/ncrna_tx.txt	/private/groups/carpenterlab/emalekos/RNAZoo_meta/RNAZoo/experiments/riboseq_signal_model/data/annot/celegans/tx_to_gene.tsv	/private/groups/carpenterlab/emalekos/STAR_indexes/star_index_celegans_WBcel235	/private/groups/carpenterlab/emalekos/Salmon_indexes/salmon_index_decoy_celegans_WBcel235	/private/groups/carpenterlab/emalekos/RNAZoo_meta/RNAZoo/experiments/riboseq_signal_model/data/ribocode_annot_celegans
fly	r6.67	na	dmel r6.67	FlyBase r6.67	feature_column	flybase	143726002	mitochondrion_genome	24	17867	35723	35723	1174	miRNA 747, tRNA 290, rRNA 113, Mt_tRNA 22, Mt_rRNA 2	72	12	1.9G	36361	1870	31	365M	35723	1.000	122M	/private/groups/carpenterlab/emalekos/genomes/xspecies_refs/fly/genome.fna	/private/groups/carpenterlab/emalekos/genomes/xspecies_refs/fly/genomic.gtf	/private/groups/carpenterlab/emalekos/RNAZoo_meta/RNAZoo/experiments/riboseq_signal_model/data/annot/fly/fly.normalized.gtf	/private/groups/carpenterlab/emalekos/RNAZoo_meta/RNAZoo/experiments/riboseq_signal_model/data/annot/fly/transcripts.fa	/private/groups/carpenterlab/emalekos/RNAZoo_meta/RNAZoo/experiments/riboseq_signal_model/data/annot/fly/ncrna_tx.txt	/private/groups/carpenterlab/emalekos/RNAZoo_meta/RNAZoo/experiments/riboseq_signal_model/data/annot/fly/tx_to_gene.tsv	/private/groups/carpenterlab/emalekos/STAR_indexes/star_index_fly_r6.67	/private/groups/carpenterlab/emalekos/Salmon_indexes/salmon_index_decoy_fly_r6.67	/private/groups/carpenterlab/emalekos/RNAZoo_meta/RNAZoo/experiments/riboseq_signal_model/data/ribocode_annot_fly
zebrafish	GRCz11	GCF_000002035.6	GRCz11	RefSeq	gene_biotype	refseq	1679203469	NC_002333.2	24	53709	82520	82520	12980	tRNA 8839, rRNA 3049, miRNA 1066, Mt_tRNA 22, RNase_P_RNA 2, Mt_rRNA 2	75	14	17G	71839	1923	31	4.9G	82520	1.000	547M	/private/groups/carpenterlab/emalekos/genomes/xspecies_refs/zebrafish/genome.fna	/private/groups/carpenterlab/emalekos/genomes/xspecies_refs/zebrafish/genomic.gtf	/private/groups/carpenterlab/emalekos/RNAZoo_meta/RNAZoo/experiments/riboseq_signal_model/data/annot/zebrafish/zebrafish.normalized.gtf	/private/groups/carpenterlab/emalekos/RNAZoo_meta/RNAZoo/experiments/riboseq_signal_model/data/annot/zebrafish/transcripts.fa	/private/groups/carpenterlab/emalekos/RNAZoo_meta/RNAZoo/experiments/riboseq_signal_model/data/annot/zebrafish/ncrna_tx.txt	/private/groups/carpenterlab/emalekos/RNAZoo_meta/RNAZoo/experiments/riboseq_signal_model/data/annot/zebrafish/tx_to_gene.tsv	/private/groups/carpenterlab/emalekos/STAR_indexes/star_index_zebrafish_GRCz11	/private/groups/carpenterlab/emalekos/Salmon_indexes/salmon_index_decoy_zebrafish_GRCz11	/private/groups/carpenterlab/emalekos/RNAZoo_meta/RNAZoo/experiments/riboseq_signal_model/data/ribocode_annot_zebrafish
macaque	T2TMMU8v2	GCF_049350105.2	T2T-MMU8v2.0	RefSeq	gene_biotype	refseq	3115120525	NC_005943.1	24	38839	140857	140857	2411	miRNA 1494, rRNA 464, tRNA 429, Mt_tRNA 22, Mt_rRNA 2	99	14	29G	139886	23	31	9.4G	140857	1.000	1.2G	/private/groups/carpenterlab/emalekos/genomes/xspecies_refs/macaque/genome.fna	/private/groups/carpenterlab/emalekos/genomes/xspecies_refs/macaque/genomic.gtf	/private/groups/carpenterlab/emalekos/RNAZoo_meta/RNAZoo/experiments/riboseq_signal_model/data/annot/macaque/macaque.normalized.gtf	/private/groups/carpenterlab/emalekos/RNAZoo_meta/RNAZoo/experiments/riboseq_signal_model/data/annot/macaque/transcripts.fa	/private/groups/carpenterlab/emalekos/RNAZoo_meta/RNAZoo/experiments/riboseq_signal_model/data/annot/macaque/ncrna_tx.txt	/private/groups/carpenterlab/emalekos/RNAZoo_meta/RNAZoo/experiments/riboseq_signal_model/data/annot/macaque/tx_to_gene.tsv	/private/groups/carpenterlab/emalekos/STAR_indexes/star_index_macaque_T2TMMU8v2	/private/groups/carpenterlab/emalekos/Salmon_indexes/salmon_index_decoy_macaque_T2TMMU8v2	/private/groups/carpenterlab/emalekos/RNAZoo_meta/RNAZoo/experiments/riboseq_signal_model/data/ribocode_annot_macaque
chimp	mPanTro3v2.1	GCF_028858775.2	NHGRI_mPanTro3-v2.1	RefSeq	gene_biotype	refseq	3177756316	NC_001643.1	24	34784	135577	135577	2065	miRNA 1309, tRNA 500, rRNA 232, Mt_tRNA 22, Mt_rRNA 2	74	14	30G	134767	26	31	9.5G	135577	1.000	1.2G	/private/groups/carpenterlab/emalekos/genomes/xspecies_refs/chimp/genome.fna	/private/groups/carpenterlab/emalekos/genomes/xspecies_refs/chimp/genomic.gtf	/private/groups/carpenterlab/emalekos/RNAZoo_meta/RNAZoo/experiments/riboseq_signal_model/data/annot/chimp/chimp.normalized.gtf	/private/groups/carpenterlab/emalekos/RNAZoo_meta/RNAZoo/experiments/riboseq_signal_model/data/annot/chimp/transcripts.fa	/private/groups/carpenterlab/emalekos/RNAZoo_meta/RNAZoo/experiments/riboseq_signal_model/data/annot/chimp/ncrna_tx.txt	/private/groups/carpenterlab/emalekos/RNAZoo_meta/RNAZoo/experiments/riboseq_signal_model/data/annot/chimp/tx_to_gene.tsv	/private/groups/carpenterlab/emalekos/STAR_indexes/star_index_chimp_mPanTro3v2.1	/private/groups/carpenterlab/emalekos/Salmon_indexes/salmon_index_decoy_chimp_mPanTro3v2.1	/private/groups/carpenterlab/emalekos/RNAZoo_meta/RNAZoo/experiments/riboseq_signal_model/data/ribocode_annot_chimp
gorilla	mGorGor1v2.1	GCF_029281585.2	NHGRI_mGorGor1-v2.1	RefSeq	gene_biotype	refseq	3545850636	NC_011120.1	24	34172	99500	99500	1475	miRNA 740, tRNA 472, rRNA 239, Mt_tRNA 22, Mt_rRNA 2	74	14	33G	98634	26	31	12G	99500	1.000	863M	/private/groups/carpenterlab/emalekos/genomes/xspecies_refs/gorilla/genome.fna	/private/groups/carpenterlab/emalekos/genomes/xspecies_refs/gorilla/genomic.gtf	/private/groups/carpenterlab/emalekos/RNAZoo_meta/RNAZoo/experiments/riboseq_signal_model/data/annot/gorilla/gorilla.normalized.gtf	/private/groups/carpenterlab/emalekos/RNAZoo_meta/RNAZoo/experiments/riboseq_signal_model/data/annot/gorilla/transcripts.fa	/private/groups/carpenterlab/emalekos/RNAZoo_meta/RNAZoo/experiments/riboseq_signal_model/data/annot/gorilla/ncrna_tx.txt	/private/groups/carpenterlab/emalekos/RNAZoo_meta/RNAZoo/experiments/riboseq_signal_model/data/annot/gorilla/tx_to_gene.tsv	/private/groups/carpenterlab/emalekos/STAR_indexes/star_index_gorilla_mGorGor1v2.1	/private/groups/carpenterlab/emalekos/Salmon_indexes/salmon_index_decoy_gorilla_mGorGor1v2.1	/private/groups/carpenterlab/emalekos/RNAZoo_meta/RNAZoo/experiments/riboseq_signal_model/data/ribocode_annot_gorilla
human_refseq	RS2025_08	GCF_000001405.40	GRCh38.p14	NCBI RefSeq GCF_000001405.40-RS_2025_08	gene_biotype	refseq	3298430636	NC_012920.1	24	50116	202461	202461	6131	miRNA 5357, tRNA 669, rRNA 78, Mt_tRNA 22, RNase_P_RNA 2, Mt_rRNA 2, RNase_MRP_RNA 1	99	14	30G	190940	705	31	9.1G	202461	1.000	1.7G	/private/groups/carpenterlab/emalekos/genomes/xspecies_refs/human_refseq/genome.fna	/private/groups/carpenterlab/emalekos/genomes/xspecies_refs/human_refseq/genomic.gtf	/private/groups/carpenterlab/emalekos/RNAZoo_meta/RNAZoo/experiments/riboseq_signal_model/data/annot/human_refseq/human_refseq.normalized.gtf	/private/groups/carpenterlab/emalekos/RNAZoo_meta/RNAZoo/experiments/riboseq_signal_model/data/annot/human_refseq/transcripts.fa	/private/groups/carpenterlab/emalekos/RNAZoo_meta/RNAZoo/experiments/riboseq_signal_model/data/annot/human_refseq/ncrna_tx.txt	/private/groups/carpenterlab/emalekos/RNAZoo_meta/RNAZoo/experiments/riboseq_signal_model/data/annot/human_refseq/tx_to_gene.tsv	/private/groups/carpenterlab/emalekos/STAR_indexes/star_index_human_refseq_RS2025_08	/private/groups/carpenterlab/emalekos/Salmon_indexes/salmon_index_decoy_human_refseq_RS2025_08	/private/groups/carpenterlab/emalekos/RNAZoo_meta/RNAZoo/experiments/riboseq_signal_model/data/ribocode_annot_human_refseq
mouse_refseq	RS2024_02	GCF_000001635.27	GRCm39	NCBI RefSeq GCF_000001635.27-RS_2024_02	gene_biotype	refseq	2728222451	NC_005089.1	24	41079	139449	139449	3828	miRNA 3337, tRNA 400, rRNA 62, Mt_tRNA 22, RNase_P_RNA 4, Mt_rRNA 2, RNase_MRP_RNA 1	99	14	26G	138568	61	31	7.5G	139449	1.000	708M	/private/groups/carpenterlab/emalekos/genomes/xspecies_refs/mouse_refseq/genome.fna	/private/groups/carpenterlab/emalekos/genomes/xspecies_refs/mouse_refseq/genomic.gtf	/private/groups/carpenterlab/emalekos/RNAZoo_meta/RNAZoo/experiments/riboseq_signal_model/data/annot/mouse_refseq/mouse_refseq.normalized.gtf	/private/groups/carpenterlab/emalekos/RNAZoo_meta/RNAZoo/experiments/riboseq_signal_model/data/annot/mouse_refseq/transcripts.fa	/private/groups/carpenterlab/emalekos/RNAZoo_meta/RNAZoo/experiments/riboseq_signal_model/data/annot/mouse_refseq/ncrna_tx.txt	/private/groups/carpenterlab/emalekos/RNAZoo_meta/RNAZoo/experiments/riboseq_signal_model/data/annot/mouse_refseq/tx_to_gene.tsv	/private/groups/carpenterlab/emalekos/STAR_indexes/star_index_mouse_refseq_RS2024_02	/private/groups/carpenterlab/emalekos/Salmon_indexes/salmon_index_decoy_mouse_refseq_RS2024_02	/private/groups/carpenterlab/emalekos/RNAZoo_meta/RNAZoo/experiments/riboseq_signal_model/data/ribocode_annot_mouse_refseq
