species	n_genes	n_tx	gene_protein_coding	gene_lncRNA	gene_small_ncRNA	gene_dropped_ncRNA	gene_pseudogene	gene_other	tx_protein_coding	tx_lncRNA	tx_small_ncRNA	tx_dropped_ncRNA	tx_pseudogene	tx_other	ncrna_tx_file	drop_matches	other_terms
human	78691	507365	20097	35899	5116	2447	14701	431	294386	190272	5116	2447	14704	440	2447	yes	IG_V_gene 146, TR_V_gene 107, TR_J_gene 79, IG_D_gene 37
mouse	78275	278326	21760	36108	3526	2579	13809	493	102381	155432	3530	2579	13823	581	2579	yes	IG_V_gene 270, TR_V_gene 170, TR_J_gene 70, IG_C_gene 22
gorilla	34172	99500	22655	7331	2841	1096	52	197	84606	10298	2862	1475	62	197	1475	yes	V_gene_segment 180, C_gene_segment 17
chimp	34784	135577	22558	7853	2811	1406	72	84	119088	11353	2876	2065	111	84	2065	yes	V_gene_segment 69, C_gene_segment 15
macaque	38839	140857	21526	11759	2666	1491	1313	84	120554	13744	2681	2411	1383	84	2411	yes	V_gene_segment 72, C_gene_segment 12
zebrafish	53709	82520	33564	6118	1618	12332	31	46	59013	8815	1649	12980	32	31	12980	yes	V_gene_segment 22, C_gene_segment 9
celegans	46926	56729	19983	294	23601	1126	1921	1	31219	306	23618	1586	0	0	1586	yes	
fly	17867	35723	13982	0	2857	689	339	0	30823	0	3361	1174	365	0	1174	yes	
yeast	6477	6477	6021	8	114	316	18	0	6039	8	114	316	0	0	316	yes	
