species	assay	tissue	label	run	project	sample_alias	layout	gib	read_len_est	source	adapter_measured	adapter_pct	adapter_used	adapter_override_reason	pct_trimmed_kept	avg_len	pct_unique	pct_multi_many	bam	coverage_hd5	psites_hd5	bam_mm25	bam_genome	bigwig	psites_mm25	status	note
celegans	ribo	larval_timecourse	worm_gse52905_ribo	SRR1041690	PRJNA230441	GSM1277909	SINGLE	1.81	51	ENA	smallrna	83.5	TGGAATTCTCGGGTGCCAAGG		94.7	28	78.14	20.89	yes	-	yes	ARCHIVED	ARCHIVED	yes	yes	active	
celegans	ribo	larval_timecourse	worm_gse52905_ribo	SRR1041691	PRJNA230441	GSM1277909	SINGLE	0.03	51	ENA	smallrna	83.2	TGGAATTCTCGGGTGCCAAGG		94.4	28	77.85	20.86	yes	-	yes	ARCHIVED	ARCHIVED	yes	yes	active	
celegans	ribo	larval_timecourse	worm_gse52905_ribo	SRR1041692	PRJNA230441	GSM1277910	SINGLE	1.24	51	ENA	smallrna	70.1	TGGAATTCTCGGGTGCCAAGG		93.1	29	77.47	21.47	yes	-	yes	ARCHIVED	ARCHIVED	yes	yes	active	
celegans	ribo	larval_timecourse	worm_gse52905_ribo	SRR1041693	PRJNA230441	GSM1277911	SINGLE	1.85	51	ENA	smallrna	72.7	TGGAATTCTCGGGTGCCAAGG		93.1	29	83.02	16.05	yes	-	yes	ARCHIVED	ARCHIVED	yes	yes	active	
celegans	ribo	larval_timecourse	worm_gse52905_ribo	SRR1041694	PRJNA230441	GSM1277911	SINGLE	0.33	51	ENA	smallrna	57.3	TGGAATTCTCGGGTGCCAAGG		93.1	29	82.98	16.06	yes	-	yes	ARCHIVED	ARCHIVED	yes	yes	active	
celegans	ribo	larval_timecourse	worm_gse52905_ribo	SRR1041695	PRJNA230441	GSM1277912	SINGLE	1.68	51	ENA	smallrna	72.1	TGGAATTCTCGGGTGCCAAGG		93.9	29	76.69	22.41	yes	-	yes	ARCHIVED	ARCHIVED	yes	yes	active	
celegans	ribo	larval_timecourse	worm_gse52905_ribo	SRR1041696	PRJNA230441	GSM1277913	SINGLE	1.40	51	ENA	smallrna	74.0	TGGAATTCTCGGGTGCCAAGG		94.6	29	74.83	24.25	yes	-	yes	ARCHIVED	ARCHIVED	yes	yes	active	
celegans	ribo	larval_timecourse	worm_gse52905_ribo	SRR1041697	PRJNA230441	GSM1277914	SINGLE	1.57	51	ENA	smallrna	69.1	TGGAATTCTCGGGTGCCAAGG		95.1	29	75.74	23.4	yes	-	yes	ARCHIVED	ARCHIVED	yes	yes	active	
celegans	ribo	larval_timecourse	worm_gse52905_ribo	SRR1041698	PRJNA230441	GSM1277915	SINGLE	1.78	51	ENA	smallrna	80.5	TGGAATTCTCGGGTGCCAAGG		94.4	28	83.41	15.77	yes	-	yes	ARCHIVED	ARCHIVED	yes	yes	active	
celegans	ribo	larval_timecourse	worm_gse52905_ribo	SRR1041699	PRJNA230441	GSM1277915	SINGLE	0.12	51	ENA	smallrna	79.7	TGGAATTCTCGGGTGCCAAGG		94.0	28	82.91	15.87	yes	-	yes	ARCHIVED	ARCHIVED	yes	yes	active	
celegans	ribo	larval_timecourse	worm_gse52905_ribo	SRR1041700	PRJNA230441	GSM1277916	SINGLE	1.31	51	ENA	smallrna	77.5	TGGAATTCTCGGGTGCCAAGG		94.1	28	80.41	18.82	yes	-	yes	ARCHIVED	ARCHIVED	yes	yes	active	
celegans	rna	larval_timecourse	worm_gse52861_rna	SRR1041152	PRJNA230374	GSM1277119	SINGLE	1.32	50	ENA	none	0	--trim-n		100.0	49	95.28	0.03	ARCHIVED	yes	-	-	-	-	-	active	
celegans	rna	larval_timecourse	worm_gse52861_rna	SRR1041154	PRJNA230374	GSM1277121	SINGLE	1.04	50	ENA	none	0	--trim-n		100.0	49	95.13	0.03	ARCHIVED	yes	-	-	-	-	-	active	
celegans	rna	larval_timecourse	worm_gse52861_rna	SRR1041156	PRJNA230374	GSM1277123	SINGLE	1.40	50	ENA	none	0	--trim-n		100.0	49	91.5	0.02	ARCHIVED	yes	-	-	-	-	-	active	
celegans	rna	larval_timecourse	worm_gse52861_rna	SRR1041158	PRJNA230374	GSM1277125	SINGLE	1.19	50	ENA	none	0	--trim-n		100.0	49	92.56	0.03	ARCHIVED	yes	-	-	-	-	-	active	
celegans	rna	larval_timecourse	worm_gse52861_rna	SRR1041160	PRJNA230374	GSM1277127	SINGLE	1.67	50	ENA	none	0	--trim-n		100.0	49	95.3	0.03	ARCHIVED	yes	-	-	-	-	-	active	
celegans	rna	larval_timecourse	worm_gse52861_rna	SRR1041162	PRJNA230374	GSM1277129	SINGLE	1.95	50	ENA	none	0	--trim-n		100.0	49	95.35	0.05	ARCHIVED	yes	-	-	-	-	-	active	
celegans	rna	larval_timecourse	worm_gse52861_rna	SRR1041164	PRJNA230374	GSM1277131	SINGLE	2.21	50	ENA	none	0	--trim-n		100.0	49	93.1	0.07	ARCHIVED	yes	-	-	-	-	-	active	
celegans	rna	larval_timecourse	worm_gse52861_rna	SRR1041165	PRJNA230374	GSM1277131	SINGLE	0.29	50	ENA	none	0	--trim-n		100.0	49	92.91	0.07	ARCHIVED	yes	-	-	-	-	-	active	
celegans	rna	larval_timecourse	worm_gse52861_rna	SRR1041167	PRJNA230374	GSM1277133	SINGLE	2.21	50	ENA	none	0	--trim-n		100.0	49	92.08	0.09	ARCHIVED	yes	-	-	-	-	-	active	
celegans	rna	larval_timecourse	worm_gse52861_rna	SRR1041168	PRJNA230374	GSM1277133	SINGLE	0.03	50	ENA	none	0	--trim-n		100.0	49	91.25	0.09	ARCHIVED	yes	-	-	-	-	-	active	
chimp	ribo	left_ventricle	primate_pt_ribo	ERR12549917	PRJEB65856	pt_lv_Barney_Ri	SINGLE	2.42	51	ENA	truseq	86.6	AGATCGGAAGAGC		98.1	24	3.14	92.34	yes	-	yes	ARCHIVED	ARCHIVED	yes	-	active	
chimp	ribo	left_ventricle	primate_pt_ribo	ERR12549918	PRJEB65856	pt_lv_Dirk1_Ri	SINGLE	2.67	51	ENA	truseq	73.5	AGATCGGAAGAGC		95.3	27	11.66	85.11	yes	-	yes	ARCHIVED	ARCHIVED	yes	-	active	
chimp	ribo	left_ventricle	primate_pt_ribo	ERR12549919	PRJEB65856	pt_lv_Emmanuel_Ri	SINGLE	2.24	51	ENA	truseq	81.4	AGATCGGAAGAGC		97.0	25	4.37	94.11	yes	-	yes	ARCHIVED	ARCHIVED	yes	-	active	
chimp	ribo	left_ventricle	primate_pt_ribo	ERR12549920	PRJEB65856	pt_lv_Fangina_Ri	SINGLE	3.27	51	ENA	truseq	73.8	AGATCGGAAGAGC		94.9	27	6.56	90.96	yes	-	yes	ARCHIVED	ARCHIVED	yes	-	active	
chimp	ribo	left_ventricle	primate_pt_ribo	ERR12549921	PRJEB65856	pt_lv_Theo_Ri	SINGLE	4.13	51	ENA	truseq	76.4	AGATCGGAAGAGC		95.8	26	11.1	87.07	yes	-	yes	ARCHIVED	ARCHIVED	yes	-	active	
chimp	ribo	ipsc_cm	primate_pt_ribo	ERR12549931	PRJEB65856	pt_CM_KarlchenCG23_Ri	SINGLE	3.21	51	ENA	truseq	74.5	AGATCGGAAGAGC		94.6	27	16.41	80.35	yes	-	yes	ARCHIVED	ARCHIVED	yes	yes	active	
chimp	ribo	ipsc_cm	primate_pt_ribo	ERR12549932	PRJEB65856	pt_CM_KarlchenDM02_Ri	SINGLE	4.06	51	ENA	truseq	74.8	AGATCGGAAGAGC		95.0	27	17.71	78.73	yes	-	yes	ARCHIVED	ARCHIVED	yes	yes	active	
chimp	ribo	ipsc_cm	primate_pt_ribo	ERR12549933	PRJEB65856	pt_CM_KarlchenDM07_Ri	SINGLE	5.22	51	ENA	truseq	72.9	AGATCGGAAGAGC		94.4	28	13.45	82.32	yes	-	yes	ARCHIVED	ARCHIVED	yes	yes	active	
chimp	rna	left_ventricle	primate_pt_rna	ERR12549882	PRJEB65856	pt_lv_Barney_mR	PAIRED	4.78	75	ENA	none	0	--trim-n		100.0	150	85.27	0.16	ARCHIVED	yes	-	-	-	-	-	active	
chimp	rna	left_ventricle	primate_pt_rna	ERR12549883	PRJEB65856	pt_lv_Dirk1_mR	PAIRED	5.12	75	ENA	none	0	--trim-n		100.0	150	90.18	0.36	ARCHIVED	yes	-	-	-	-	-	active	
chimp	rna	left_ventricle	primate_pt_rna	ERR12549884	PRJEB65856	pt_lv_Emmanuel_mR	PAIRED	4.05	75	ENA	none	0	--trim-n		99.9	150	86.73	0.28	ARCHIVED	yes	-	-	-	-	-	active	
chimp	rna	left_ventricle	primate_pt_rna	ERR12549885	PRJEB65856	pt_lv_Fangina_mR	PAIRED	4.87	75	ENA	none	0	--trim-n		99.9	150	92.63	0.25	ARCHIVED	yes	-	-	-	-	-	active	
chimp	rna	left_ventricle	primate_pt_rna	ERR12549886	PRJEB65856	pt_lv_Theo_mR	PAIRED	5.02	75	ENA	none	0	--trim-n		99.9	150	82.42	0.16	ARCHIVED	yes	-	-	-	-	-	active	
chimp	rna	ipsc_cm	primate_pt_rna	ERR12549896	PRJEB65856	pt_CM_KarlchenCG23_mR	PAIRED	5.04	75	ENA	none	0	--trim-n		100.0	150	93.6	0.2	ARCHIVED	yes	-	-	-	-	-	active	
chimp	rna	ipsc_cm	primate_pt_rna	ERR12549897	PRJEB65856	pt_CM_KarlchenDM02_mR	PAIRED	5.49	75	ENA	none	0	--trim-n		100.0	150	88.02	0.17	ARCHIVED	yes	-	-	-	-	-	active	
chimp	rna	ipsc_cm	primate_pt_rna	ERR12549898	PRJEB65856	pt_CM_KarlchenDM07_mR	PAIRED	5.20	75	ENA	none	0	--trim-n		100.0	150	93.62	0.17	ARCHIVED	yes	-	-	-	-	-	active	
fly	ribo	larval_muscle	fly_gse99920_ribo	SRR5667267	PRJNA390134	GSM2664256	SINGLE	0.79	35	ENA	none	0	--trim-n		88.2	32	15.14	78.72	yes	-	-	ARCHIVED	ARCHIVED	yes	-	DROPPED	RNase T1 footprinting: no 3-nt periodicity (15.2/56.2/28.7 at the dominant read length vs 93.9/2.6/3.6 for yeast). Alignments retained, modelling arm dropped.
fly	ribo	larval_muscle	fly_gse99920_ribo	SRR5667268	PRJNA390134	GSM2664257	SINGLE	2.00	34	ENA	none	0	--trim-n		93.3	33	25.76	72.3	yes	-	-	ARCHIVED	ARCHIVED	yes	-	DROPPED	RNase T1 footprinting: no 3-nt periodicity (15.2/56.2/28.7 at the dominant read length vs 93.9/2.6/3.6 for yeast). Alignments retained, modelling arm dropped.
fly	ribo	larval_muscle	fly_gse99920_ribo	SRR5667269	PRJNA390134	GSM2664258	SINGLE	0.70	34	ENA	none	0	--trim-n		94.4	33	25.13	72.62	yes	-	-	ARCHIVED	ARCHIVED	yes	-	DROPPED	RNase T1 footprinting: no 3-nt periodicity (15.2/56.2/28.7 at the dominant read length vs 93.9/2.6/3.6 for yeast). Alignments retained, modelling arm dropped.
fly	ribo	larval_muscle	fly_gse99920_ribo	SRR5667276	PRJNA390134	GSM2664265	SINGLE	0.54	34	ENA	none	0	--trim-n		92.8	31	13.61	82.2	yes	-	-	ARCHIVED	ARCHIVED	yes	-	DROPPED	RNase T1 footprinting: no 3-nt periodicity (15.2/56.2/28.7 at the dominant read length vs 93.9/2.6/3.6 for yeast). Alignments retained, modelling arm dropped.
fly	ribo	larval_muscle	fly_gse99920_ribo	SRR5667277	PRJNA390134	GSM2664266	SINGLE	1.21	33	ENA	none	0	--trim-n		97.1	32	23.62	74.27	yes	-	-	ARCHIVED	ARCHIVED	yes	-	DROPPED	RNase T1 footprinting: no 3-nt periodicity (15.2/56.2/28.7 at the dominant read length vs 93.9/2.6/3.6 for yeast). Alignments retained, modelling arm dropped.
fly	ribo	larval_muscle	fly_gse99920_ribo	SRR5667278	PRJNA390134	GSM2664267	SINGLE	0.28	33	ENA	none	0	--trim-n		95.5	31	12.63	84.33	yes	-	-	ARCHIVED	ARCHIVED	yes	-	DROPPED	RNase T1 footprinting: no 3-nt periodicity (15.2/56.2/28.7 at the dominant read length vs 93.9/2.6/3.6 for yeast). Alignments retained, modelling arm dropped.
fly	ribo	larval_muscle	fly_gse99920_ribo	SRR5667282	PRJNA390134	GSM2664271	SINGLE	0.97	34	ENA	none	0	--trim-n		89.3	32	15.4	76.57	yes	-	-	ARCHIVED	ARCHIVED	yes	-	DROPPED	RNase T1 footprinting: no 3-nt periodicity (15.2/56.2/28.7 at the dominant read length vs 93.9/2.6/3.6 for yeast). Alignments retained, modelling arm dropped.
fly	ribo	larval_muscle	fly_gse99920_ribo	SRR5667283	PRJNA390134	GSM2664272	SINGLE	0.52	34	ENA	none	0	--trim-n		96.4	33	22.99	73.99	yes	-	-	ARCHIVED	ARCHIVED	yes	-	DROPPED	RNase T1 footprinting: no 3-nt periodicity (15.2/56.2/28.7 at the dominant read length vs 93.9/2.6/3.6 for yeast). Alignments retained, modelling arm dropped.
fly	ribo	larval_muscle	fly_gse99920_ribo	SRR5667284	PRJNA390134	GSM2664273	SINGLE	1.10	35	ENA	none	0	--trim-n		91.6	33	19.15	75.91	yes	-	-	ARCHIVED	ARCHIVED	yes	-	DROPPED	RNase T1 footprinting: no 3-nt periodicity (15.2/56.2/28.7 at the dominant read length vs 93.9/2.6/3.6 for yeast). Alignments retained, modelling arm dropped.
fly	rna	larval_muscle	fly_gse99920_rna	SRR5667264	PRJNA390134	GSM2664253	SINGLE	0.73	70	ENA	none	0	--trim-n						ARCHIVED	yes	-	-	-	-	-	DROPPED	RNase T1 footprinting: no 3-nt periodicity (15.2/56.2/28.7 at the dominant read length vs 93.9/2.6/3.6 for yeast). Alignments retained, modelling arm dropped.
fly	rna	larval_muscle	fly_gse99920_rna	SRR5667265	PRJNA390134	GSM2664254	SINGLE	0.29	71	ENA	none	0	--trim-n						ARCHIVED	yes	-	-	-	-	-	DROPPED	RNase T1 footprinting: no 3-nt periodicity (15.2/56.2/28.7 at the dominant read length vs 93.9/2.6/3.6 for yeast). Alignments retained, modelling arm dropped.
fly	rna	larval_muscle	fly_gse99920_rna	SRR5667266	PRJNA390134	GSM2664255	SINGLE	0.65	73	ENA	none	0	--trim-n						ARCHIVED	yes	-	-	-	-	-	DROPPED	RNase T1 footprinting: no 3-nt periodicity (15.2/56.2/28.7 at the dominant read length vs 93.9/2.6/3.6 for yeast). Alignments retained, modelling arm dropped.
fly	rna	larval_muscle	fly_gse99920_rna	SRR5667273	PRJNA390134	GSM2664262	SINGLE	0.67	70	ENA	none	0	--trim-n						ARCHIVED	yes	-	-	-	-	-	DROPPED	RNase T1 footprinting: no 3-nt periodicity (15.2/56.2/28.7 at the dominant read length vs 93.9/2.6/3.6 for yeast). Alignments retained, modelling arm dropped.
fly	rna	larval_muscle	fly_gse99920_rna	SRR5667274	PRJNA390134	GSM2664263	SINGLE	0.27	71	ENA	none	0	--trim-n						ARCHIVED	yes	-	-	-	-	-	DROPPED	RNase T1 footprinting: no 3-nt periodicity (15.2/56.2/28.7 at the dominant read length vs 93.9/2.6/3.6 for yeast). Alignments retained, modelling arm dropped.
fly	rna	larval_muscle	fly_gse99920_rna	SRR5667275	PRJNA390134	GSM2664264	SINGLE	0.62	72	ENA	none	0	--trim-n						ARCHIVED	yes	-	-	-	-	-	DROPPED	RNase T1 footprinting: no 3-nt periodicity (15.2/56.2/28.7 at the dominant read length vs 93.9/2.6/3.6 for yeast). Alignments retained, modelling arm dropped.
fly	rna	larval_muscle	fly_gse99920_rna	SRR5667279	PRJNA390134	GSM2664268	SINGLE	0.69	70	ENA	none	0	--trim-n						ARCHIVED	yes	-	-	-	-	-	DROPPED	RNase T1 footprinting: no 3-nt periodicity (15.2/56.2/28.7 at the dominant read length vs 93.9/2.6/3.6 for yeast). Alignments retained, modelling arm dropped.
fly	rna	larval_muscle	fly_gse99920_rna	SRR5667280	PRJNA390134	GSM2664269	SINGLE	0.29	71	ENA	none	0	--trim-n						ARCHIVED	yes	-	-	-	-	-	DROPPED	RNase T1 footprinting: no 3-nt periodicity (15.2/56.2/28.7 at the dominant read length vs 93.9/2.6/3.6 for yeast). Alignments retained, modelling arm dropped.
fly	rna	larval_muscle	fly_gse99920_rna	SRR5667281	PRJNA390134	GSM2664270	SINGLE	0.64	73	ENA	none	0	--trim-n						ARCHIVED	yes	-	-	-	-	-	DROPPED	RNase T1 footprinting: no 3-nt periodicity (15.2/56.2/28.7 at the dominant read length vs 93.9/2.6/3.6 for yeast). Alignments retained, modelling arm dropped.
gorilla	ribo	ipsc_cm	primate_gg_ribo	ERR12549937	PRJEB65856	gg_CM_AssumboCG02_Ri	SINGLE	6.44	51	ENA	truseq	79.5	AGATCGGAAGAGC		95.5	26	19.44	78.05	yes	-	yes	ARCHIVED	ARCHIVED	yes	yes	active	
gorilla	ribo	ipsc_cm	primate_gg_ribo	ERR12549938	PRJEB65856	gg_CM_AssumboDM05_Ri	SINGLE	4.12	51	ENA	truseq	74.4	AGATCGGAAGAGC		94.4	27	19.18	76.83	yes	-	yes	ARCHIVED	ARCHIVED	yes	yes	active	
gorilla	ribo	ipsc_cm	primate_gg_ribo	ERR12549939	PRJEB65856	gg_CM_AssumboSK09_Ri	SINGLE	6.32	51	ENA	truseq	72.7	AGATCGGAAGAGC		94.4	28	16.9	71.92	yes	-	yes	ARCHIVED	ARCHIVED	yes	yes	active	
gorilla	rna	ipsc_cm	primate_gg_rna	ERR12549902	PRJEB65856	gg_CM_AssumboCG02_mR	PAIRED	7.08	75	ENA	none	0	--trim-n						ARCHIVED	yes	-	-	-	-	-	active	
gorilla	rna	ipsc_cm	primate_gg_rna	ERR12549903	PRJEB65856	gg_CM_AssumboDM05_mR	PAIRED	6.05	75	ENA	none	0	--trim-n						ARCHIVED	yes	-	-	-	-	-	active	
gorilla	rna	ipsc_cm	primate_gg_rna	ERR12549904	PRJEB65856	gg_CM_AssumboSK09_mR	PAIRED	5.33	75	ENA	none	0	--trim-n						ARCHIVED	yes	-	-	-	-	-	active	
human	ribo	ipsc_cm	ruizorera_hsCM_ribo	ERR12549926	PRJEB65856	hs_CM_BIHi242-C1_Ri	SINGLE	3.28	35	ENA	none	0	--trim-n		98.2	27	29.62	66.44	yes	-	yes	ARCHIVED	ARCHIVED	yes	yes	active	
human	ribo	ipsc_cm	ruizorera_hsCM_ribo	ERR12549927	PRJEB65856	hs_CM_BIHi242-C2_Ri	SINGLE	2.79	35	ENA	none	0	--trim-n		99.0	28	19.75	73.02	yes	-	yes	ARCHIVED	ARCHIVED	yes	yes	active	
human	ribo	ipsc_cm	ruizorera_hsCM_ribo	ERR12549928	PRJEB65856	hs_CM_BIHi242-C3_Ri	SINGLE	3.12	35	ENA	none	0	--trim-n		96.0	28	22.52	72.42	yes	-	yes	ARCHIVED	ARCHIVED	yes	yes	active	
human	ribo	ipsc_cm	ruizorera_hsCM_ribo	ERR12549929	PRJEB65856	hs_CM_BIHi242-C4_Ri	SINGLE	3.01	35	ENA	none	0	--trim-n		98.6	28	19.28	73.99	yes	-	yes	ARCHIVED	ARCHIVED	yes	yes	active	
human	ribo	ipsc_cm	ruizorera_hsCM_ribo	ERR12549930	PRJEB65856	hs_CM_BIHi242-C5_Ri	SINGLE	2.33	35	ENA	none	0	--trim-n		98.9	28	20.0	72.15	yes	-	yes	ARCHIVED	ARCHIVED	yes	yes	active	
macaque	ribo	left_ventricle	primate_rm_ribo	ERR12549922	PRJEB65856	rm_lv_9125_Ri	SINGLE	5.21	51	ENA	truseq	75.4	AGATCGGAAGAGC		95.4	27	15.11	51.05	yes	-	yes	ARCHIVED	ARCHIVED	yes	yes	active	
macaque	ribo	left_ventricle	primate_rm_ribo	ERR12549923	PRJEB65856	rm_lv_R00067_Ri	SINGLE	2.80	51	ENA	truseq	76.3	AGATCGGAAGAGC		95.9	26	6.64	70.88	yes	-	yes	ARCHIVED	ARCHIVED	yes	yes	active	
macaque	ribo	left_ventricle	primate_rm_ribo	ERR12549924	PRJEB65856	rm_lv_Ri9809011_Ri	SINGLE	4.36	51	ENA	truseq	75.4	AGATCGGAAGAGC		95.3	26	10.9	58.65	yes	-	yes	ARCHIVED	ARCHIVED	yes	yes	active	
macaque	ribo	left_ventricle	primate_rm_ribo	ERR12549925	PRJEB65856	rm_lv_RiN8_Ri	SINGLE	4.19	51	ENA	truseq	75.9	AGATCGGAAGAGC		95.8	27	7.72	49.1	yes	-	yes	ARCHIVED	ARCHIVED	yes	yes	active	
macaque	ribo	ipsc_cm	primate_rm_ribo	ERR12549934	PRJEB65856	rm_CM_WT101_Ri	SINGLE	2.91	35	ENA	none	0	--trim-n		98.6	27	19.09	27.0	yes	-	yes	ARCHIVED	ARCHIVED	yes	yes	active	
macaque	ribo	ipsc_cm	primate_rm_ribo	ERR12549935	PRJEB65856	rm_CM_WT102_Ri	SINGLE	2.59	35	ENA	none	0	--trim-n		98.2	27	20.62	30.92	yes	-	yes	ARCHIVED	ARCHIVED	yes	yes	active	
macaque	ribo	ipsc_cm	primate_rm_ribo	ERR12549936	PRJEB65856	rm_CM_WT103_Ri	SINGLE	3.75	35	ENA	none	0	--trim-n		98.5	27	18.78	31.02	yes	-	yes	ARCHIVED	ARCHIVED	yes	yes	active	
macaque	rna	left_ventricle	primate_rm_rna	ERR12549887	PRJEB65856	rm_lv_9125_mR	PAIRED	7.57	75	ENA	none	0	--trim-n		99.9	150	94.21	0.03	ARCHIVED	yes	-	-	-	-	-	active	
macaque	rna	left_ventricle	primate_rm_rna	ERR12549888	PRJEB65856	rm_lv_R00067_mR	PAIRED	5.73	75	ENA	none	0	--trim-n		99.9	150	93.7	0.05	ARCHIVED	yes	-	-	-	-	-	active	
macaque	rna	left_ventricle	primate_rm_rna	ERR12549889	PRJEB65856	rm_lv_Ri9809011_mR	PAIRED	6.09	75	ENA	none	0	--trim-n		99.9	150	84.39	0.03	ARCHIVED	yes	-	-	-	-	-	active	
macaque	rna	left_ventricle	primate_rm_rna	ERR12549890	PRJEB65856	rm_lv_RiN8_mR	PAIRED	6.56	75	ENA	none	0	--trim-n		99.9	150	93.76	0.04	ARCHIVED	yes	-	-	-	-	-	active	
macaque	rna	ipsc_cm	primate_rm_rna	ERR12549899	PRJEB65856	rm_CM_WT101_mR	PAIRED	2.96	100	ENA	none	0	--trim-n		100.0	199	91.76	0.14	ARCHIVED	yes	-	-	-	-	-	active	
macaque	rna	ipsc_cm	primate_rm_rna	ERR12549900	PRJEB65856	rm_CM_WT102_mR	PAIRED	3.15	100	ENA	none	0	--trim-n		100.0	200	91.6	0.12	ARCHIVED	yes	-	-	-	-	-	active	
macaque	rna	ipsc_cm	primate_rm_rna	ERR12549901	PRJEB65856	rm_CM_WT103_mR	PAIRED	3.18	100	ENA	none	0	--trim-n		100.0	200	92.53	0.1	ARCHIVED	yes	-	-	-	-	-	active	
yeast	ribo	whole_cell	yeast_gse173654_ribo	SRR26680426	PRJNA726548	GSM7882967	SINGLE	0.54	23	ENA	none	0	--trim-n		70.4	26	1.69	96.16	yes	-	yes	ARCHIVED	ARCHIVED	yes	yes	active	
yeast	ribo	whole_cell	yeast_gse173654_ribo	SRR26680427	PRJNA726548	GSM7882968	SINGLE	1.04	23	ENA	none	0	--trim-n		68.8	26	2.39	95.58	yes	-	yes	ARCHIVED	ARCHIVED	yes	yes	active	
yeast	ribo	whole_cell	yeast_gse173654_ribo	SRR26680428	PRJNA726548	GSM7882969	SINGLE	0.43	25	ENA	none	0	--trim-n		83.3	26	0.74	98.1	yes	-	yes	ARCHIVED	ARCHIVED	yes	yes	active	
yeast	ribo	whole_cell	yeast_gse173654_ribo	SRR26680429	PRJNA726548	GSM7882970	SINGLE	0.30	25	ENA	none	0	--trim-n		84.0	26	1.07	97.85	yes	-	yes	ARCHIVED	ARCHIVED	yes	yes	active	
yeast	ribo	whole_cell	yeast_gse173654_ribo	SRR26680430	PRJNA726548	GSM7882971	SINGLE	0.32	25	ENA	none	0	--trim-n		86.3	26	4.2	93.99	yes	-	yes	ARCHIVED	ARCHIVED	yes	yes	active	
yeast	ribo	whole_cell	yeast_gse173654_ribo	SRR26680431	PRJNA726548	GSM7882972	SINGLE	0.45	26	ENA	none	0	--trim-n		87.0	26	4.24	93.55	yes	-	yes	ARCHIVED	ARCHIVED	yes	yes	active	
yeast	ribo	whole_cell	yeast_gse173654_ribo	SRR26680432	PRJNA726548	GSM7882973	SINGLE	0.33	25	ENA	none	0	--trim-n		88.2	26	3.67	95.04	yes	-	yes	ARCHIVED	ARCHIVED	yes	yes	active	
yeast	ribo	whole_cell	yeast_gse173654_ribo	SRR26680433	PRJNA726548	GSM7882974	SINGLE	0.49	25	ENA	none	0	--trim-n		88.2	26	3.89	94.38	yes	-	yes	ARCHIVED	ARCHIVED	yes	yes	active	
yeast	ribo	whole_cell	yeast_gse173654_ribo	SRR26680434	PRJNA726548	GSM7882975	SINGLE	0.95	24	ENA	none	0	--trim-n		77.9	26	6.12	91.44	yes	-	yes	ARCHIVED	ARCHIVED	yes	yes	active	
yeast	ribo	whole_cell	yeast_gse173654_ribo	SRR26680435	PRJNA726548	GSM7882976	SINGLE	1.21	25	ENA	none	0	--trim-n		81.1	26	6.24	92.16	yes	-	yes	ARCHIVED	ARCHIVED	yes	yes	active	
yeast	ribo	whole_cell	yeast_gse173654_ribo	SRR26680436	PRJNA726548	GSM7882977	SINGLE	0.47	24	ENA	none	0	--trim-n		72.3	25	1.37	96.39	yes	-	yes	ARCHIVED	ARCHIVED	yes	yes	active	
yeast	ribo	whole_cell	yeast_gse173654_ribo	SRR26680437	PRJNA726548	GSM7882978	SINGLE	0.50	24	ENA	none	0	--trim-n		73.4	26	1.15	96.64	yes	-	yes	ARCHIVED	ARCHIVED	yes	yes	active	
yeast	ribo	whole_cell	yeast_gse173654_ribo	SRR26680438	PRJNA726548	GSM7882979	SINGLE	0.50	24	ENA	none	0	--trim-n		77.8	26	5.48	92.43	yes	-	yes	ARCHIVED	ARCHIVED	yes	yes	active	
yeast	ribo	whole_cell	yeast_gse173654_ribo	SRR26680439	PRJNA726548	GSM7882980	SINGLE	0.48	24	ENA	none	0	--trim-n		76.5	26	5.94	91.37	yes	-	yes	ARCHIVED	ARCHIVED	yes	yes	active	
yeast	ribo	whole_cell	yeast_gse173654_ribo	SRR26680440	PRJNA726548	GSM7882981	SINGLE	0.48	25	ENA	none	0	--trim-n		79.2	26	2.1	96.46	yes	-	yes	ARCHIVED	ARCHIVED	yes	yes	active	
yeast	ribo	whole_cell	yeast_gse173654_ribo	SRR26680441	PRJNA726548	GSM7882982	SINGLE	0.49	24	ENA	none	0	--trim-n		75.7	25	2.78	94.79	yes	-	yes	ARCHIVED	ARCHIVED	yes	yes	active	
yeast	rna	whole_cell	yeast_gse173654_rna	SRR26680410	PRJNA726548	GSM7882951	SINGLE	0.56	132	ENA	none	0	--trim-n		100.0	131	62.32	0.13	ARCHIVED	yes	-	-	-	-	-	active	
yeast	rna	whole_cell	yeast_gse173654_rna	SRR26680411	PRJNA726548	GSM7882952	SINGLE	0.80	131	ENA	none	0	--trim-n		100.0	131	73.76	0.12	ARCHIVED	yes	-	-	-	-	-	active	
yeast	rna	whole_cell	yeast_gse173654_rna	SRR26680412	PRJNA726548	GSM7882953	SINGLE	0.49	132	ENA	none	0	--trim-n		100.0	131	74.82	0.05	ARCHIVED	yes	-	-	-	-	-	active	
yeast	rna	whole_cell	yeast_gse173654_rna	SRR26680413	PRJNA726548	GSM7882954	SINGLE	0.56	132	ENA	none	0	--trim-n		100.0	132	60.42	0.04	ARCHIVED	yes	-	-	-	-	-	active	
yeast	rna	whole_cell	yeast_gse173654_rna	SRR26680414	PRJNA726548	GSM7882955	SINGLE	0.59	130	ENA	none	0	--trim-n		100.0	130	77.09	0.08	ARCHIVED	yes	-	-	-	-	-	active	
yeast	rna	whole_cell	yeast_gse173654_rna	SRR26680415	PRJNA726548	GSM7882956	SINGLE	0.81	130	ENA	none	0	--trim-n		100.0	130	75.12	0.08	ARCHIVED	yes	-	-	-	-	-	active	
yeast	rna	whole_cell	yeast_gse173654_rna	SRR26680416	PRJNA726548	GSM7882957	SINGLE	0.69	132	ENA	none	0	--trim-n		100.0	131	86.93	0.18	ARCHIVED	yes	-	-	-	-	-	active	
yeast	rna	whole_cell	yeast_gse173654_rna	SRR26680417	PRJNA726548	GSM7882958	SINGLE	0.66	132	ENA	none	0	--trim-n		100.0	131	88.33	0.2	ARCHIVED	yes	-	-	-	-	-	active	
yeast	rna	whole_cell	yeast_gse173654_rna	SRR26680418	PRJNA726548	GSM7882959	SINGLE	0.64	131	ENA	none	0	--trim-n		100.0	130	89.23	0.42	ARCHIVED	yes	-	-	-	-	-	active	
yeast	rna	whole_cell	yeast_gse173654_rna	SRR26680419	PRJNA726548	GSM7882960	SINGLE	0.67	131	ENA	none	0	--trim-n		100.0	131	87.14	0.43	ARCHIVED	yes	-	-	-	-	-	active	
yeast	rna	whole_cell	yeast_gse173654_rna	SRR26680420	PRJNA726548	GSM7882961	SINGLE	0.48	133	ENA	none	0	--trim-n		100.0	133	85.69	0.05	ARCHIVED	yes	-	-	-	-	-	active	
yeast	rna	whole_cell	yeast_gse173654_rna	SRR26680421	PRJNA726548	GSM7882962	SINGLE	0.54	133	ENA	none	0	--trim-n		100.0	133	80.57	0.04	ARCHIVED	yes	-	-	-	-	-	active	
yeast	rna	whole_cell	yeast_gse173654_rna	SRR26680422	PRJNA726548	GSM7882963	SINGLE	0.72	132	ENA	none	0	--trim-n		100.0	131	81.51	0.94	ARCHIVED	yes	-	-	-	-	-	active	
yeast	rna	whole_cell	yeast_gse173654_rna	SRR26680423	PRJNA726548	GSM7882964	SINGLE	0.78	132	ENA	none	0	--trim-n		100.0	132	82.46	0.91	ARCHIVED	yes	-	-	-	-	-	active	
yeast	rna	whole_cell	yeast_gse173654_rna	SRR26680424	PRJNA726548	GSM7882965	SINGLE	0.62	133	ENA	none	0	--trim-n		100.0	132	81.62	0.08	ARCHIVED	yes	-	-	-	-	-	active	
yeast	rna	whole_cell	yeast_gse173654_rna	SRR26680425	PRJNA726548	GSM7882966	SINGLE	0.56	133	ENA	none	0	--trim-n		100.0	132	78.98	0.07	ARCHIVED	yes	-	-	-	-	-	active	
zebrafish	ribo	embryo	zf_gse46512_ribo	SRR836192	PRJNA200706	GSM1131530	SINGLE	1.12	44	ENA	none	0	OVERRIDE	Ingolia linker variant that diverges after ~11 nt, so the full 17-mer CTGTAGGCACCATCAAT scores 0.0% by exact match. Measured with cutadapt on SRR836192 (200k reads): -a CTGTAGGCACC gives 149,031 reads with adapter and 147,676 passing at modal 34 nt, versus 75 of 200,000 passing with --trim-n alone. Reads are fixed 44 nt, so without an adapter the -M 40 window discards the entire arm.	96.9	31	2.58	95.82	yes	-	yes	ARCHIVED	ARCHIVED	yes	yes	active	
zebrafish	ribo	embryo	zf_gse46512_ribo	SRR836193	PRJNA200706	GSM1131531	SINGLE	4.37	44	NCBI_SRA	none	0	OVERRIDE	Ingolia linker variant that diverges after ~11 nt, so the full 17-mer CTGTAGGCACCATCAAT scores 0.0% by exact match. Measured with cutadapt on SRR836192 (200k reads): -a CTGTAGGCACC gives 149,031 reads with adapter and 147,676 passing at modal 34 nt, versus 75 of 200,000 passing with --trim-n alone. Reads are fixed 44 nt, so without an adapter the -M 40 window discards the entire arm.	96.5	32	1.71	96.86	yes	-	-	ARCHIVED	ARCHIVED	yes	-	active	
zebrafish	ribo	embryo	zf_gse46512_ribo	SRR836194	PRJNA200706	GSM1131532	SINGLE	4.54	44	NCBI_SRA	none	0	OVERRIDE	Ingolia linker variant that diverges after ~11 nt, so the full 17-mer CTGTAGGCACCATCAAT scores 0.0% by exact match. Measured with cutadapt on SRR836192 (200k reads): -a CTGTAGGCACC gives 149,031 reads with adapter and 147,676 passing at modal 34 nt, versus 75 of 200,000 passing with --trim-n alone. Reads are fixed 44 nt, so without an adapter the -M 40 window discards the entire arm.	96.9	32	2.15	96.81	yes	-	-	ARCHIVED	ARCHIVED	yes	-	active	
zebrafish	ribo	embryo	zf_gse46512_ribo	SRR836195	PRJNA200706	GSM1131533	SINGLE	4.42	44	NCBI_SRA	ingolia_short	31.0	OVERRIDE	Ingolia linker variant that diverges after ~11 nt, so the full 17-mer CTGTAGGCACCATCAAT scores 0.0% by exact match. Measured with cutadapt on SRR836192 (200k reads): -a CTGTAGGCACC gives 149,031 reads with adapter and 147,676 passing at modal 34 nt, versus 75 of 200,000 passing with --trim-n alone. Reads are fixed 44 nt, so without an adapter the -M 40 window discards the entire arm.	97.4	29	24.87	73.11	yes	-	yes	ARCHIVED	ARCHIVED	yes	yes	active	
zebrafish	ribo	embryo	zf_gse46512_ribo	SRR836196	PRJNA200706	GSM1131534	SINGLE	4.29	44	ENA	none	0	OVERRIDE	Ingolia linker variant that diverges after ~11 nt, so the full 17-mer CTGTAGGCACCATCAAT scores 0.0% by exact match. Measured with cutadapt on SRR836192 (200k reads): -a CTGTAGGCACC gives 149,031 reads with adapter and 147,676 passing at modal 34 nt, versus 75 of 200,000 passing with --trim-n alone. Reads are fixed 44 nt, so without an adapter the -M 40 window discards the entire arm.	97.0	30	14.21	83.62	yes	-	yes	ARCHIVED	ARCHIVED	yes	yes	active	
zebrafish	ribo	embryo	zf_gse46512_ribo	SRR836197	PRJNA200706	GSM1131535	SINGLE	3.55	44	ENA	none	0	OVERRIDE	Ingolia linker variant that diverges after ~11 nt, so the full 17-mer CTGTAGGCACCATCAAT scores 0.0% by exact match. Measured with cutadapt on SRR836192 (200k reads): -a CTGTAGGCACC gives 149,031 reads with adapter and 147,676 passing at modal 34 nt, versus 75 of 200,000 passing with --trim-n alone. Reads are fixed 44 nt, so without an adapter the -M 40 window discards the entire arm.	97.2	32	4.99	93.03	yes	-	-	ARCHIVED	ARCHIVED	yes	-	active	
zebrafish	ribo	embryo	zf_gse46512_ribo	SRR836198	PRJNA200706	GSM1131536	SINGLE	4.36	44	ENA	none	0	OVERRIDE	Ingolia linker variant that diverges after ~11 nt, so the full 17-mer CTGTAGGCACCATCAAT scores 0.0% by exact match. Measured with cutadapt on SRR836192 (200k reads): -a CTGTAGGCACC gives 149,031 reads with adapter and 147,676 passing at modal 34 nt, versus 75 of 200,000 passing with --trim-n alone. Reads are fixed 44 nt, so without an adapter the -M 40 window discards the entire arm.	96.5	32	3.2	92.88	yes	-	yes	ARCHIVED	ARCHIVED	yes	yes	active	
zebrafish	ribo	embryo	zf_gse46512_ribo	SRR836199	PRJNA200706	GSM1131537	SINGLE	3.88	44	ENA	none	0	OVERRIDE	Ingolia linker variant that diverges after ~11 nt, so the full 17-mer CTGTAGGCACCATCAAT scores 0.0% by exact match. Measured with cutadapt on SRR836192 (200k reads): -a CTGTAGGCACC gives 149,031 reads with adapter and 147,676 passing at modal 34 nt, versus 75 of 200,000 passing with --trim-n alone. Reads are fixed 44 nt, so without an adapter the -M 40 window discards the entire arm.	98.0	31	10.28	86.77	yes	-	-	ARCHIVED	ARCHIVED	yes	-	active	
zebrafish	rna	embryo	zf_gse70549_rna	SRR2087761	PRJNA288987	GSM1808905	PAIRED	1.55	76	ENA	none	0	--trim-n		100.0	151	71.58	0.07	ARCHIVED	yes	-	-	-	-	-	active	
zebrafish	rna	embryo	zf_gse70549_rna	SRR2087762	PRJNA288987	GSM1808905	PAIRED	1.53	76	ENA	none	0	--trim-n		100.0	151	71.79	0.07	ARCHIVED	yes	-	-	-	-	-	active	
zebrafish	rna	embryo	zf_gse70549_rna	SRR2087763	PRJNA288987	GSM1808905	PAIRED	1.32	76	ENA	none	0	--trim-n		100.0	151	71.91	0.07	ARCHIVED	yes	-	-	-	-	-	active	
zebrafish	rna	embryo	zf_gse70549_rna	SRR2087764	PRJNA288987	GSM1808906	PAIRED	1.73	76	ENA	none	0	--trim-n		100.0	151	72.21	0.08	ARCHIVED	yes	-	-	-	-	-	active	
zebrafish	rna	embryo	zf_gse70549_rna	SRR2087765	PRJNA288987	GSM1808906	PAIRED	1.70	76	NCBI_SRA	none	0	--trim-n						ARCHIVED	-	-	-	-	-	-	active	
zebrafish	rna	embryo	zf_gse70549_rna	SRR2087766	PRJNA288987	GSM1808906	PAIRED	1.50	76	ENA	none	0	--trim-n		100.0	151	72.78	0.08	ARCHIVED	yes	-	-	-	-	-	active	
zebrafish	rna	embryo	zf_gse70549_rna	SRR2087767	PRJNA288987	GSM1808907	PAIRED	1.51	76	ENA	none	0	--trim-n		100.0	151	72.53	0.09	ARCHIVED	yes	-	-	-	-	-	active	
zebrafish	rna	embryo	zf_gse70549_rna	SRR2087768	PRJNA288987	GSM1808907	PAIRED	1.52	76	ENA	none	0	--trim-n		100.0	151	72.69	0.09	ARCHIVED	yes	-	-	-	-	-	active	
zebrafish	rna	embryo	zf_gse70549_rna	SRR2087769	PRJNA288987	GSM1808907	PAIRED	1.27	76	ENA	none	0	--trim-n		100.0	151	73.0	0.09	ARCHIVED	yes	-	-	-	-	-	active	
zebrafish	rna	embryo	zf_gse70549_rna	SRR2087770	PRJNA288987	GSM1808908	PAIRED	1.75	76	ENA	none	0	--trim-n		100.0	151	71.72	0.23	ARCHIVED	yes	-	-	-	-	-	active	
zebrafish	rna	embryo	zf_gse70549_rna	SRR2087771	PRJNA288987	GSM1808908	PAIRED	1.75	76	ENA	none	0	--trim-n		100.0	151	71.88	0.24	ARCHIVED	yes	-	-	-	-	-	active	
zebrafish	rna	embryo	zf_gse70549_rna	SRR2087772	PRJNA288987	GSM1808908	PAIRED	1.46	76	ENA	none	0	--trim-n		100.0	151	72.33	0.23	ARCHIVED	yes	-	-	-	-	-	active	
zebrafish	rna	embryo	zf_gse70549_rna	SRR2087773	PRJNA288987	GSM1808909	PAIRED	1.77	76	ENA	none	0	--trim-n		100.0	151	69.06	0.28	ARCHIVED	yes	-	-	-	-	-	active	
zebrafish	rna	embryo	zf_gse70549_rna	SRR2087774	PRJNA288987	GSM1808909	PAIRED	1.75	76	ENA	none	0	--trim-n		100.0	151	69.32	0.27	ARCHIVED	yes	-	-	-	-	-	active	
zebrafish	rna	embryo	zf_gse70549_rna	SRR2087775	PRJNA288987	GSM1808909	PAIRED	1.51	76	ENA	none	0	--trim-n		100.0	151	69.48	0.27	ARCHIVED	yes	-	-	-	-	-	active	
zebrafish	rna	embryo	zf_gse70549_rna	SRR2087776	PRJNA288987	GSM1808910	PAIRED	1.65	76	ENA	none	0	--trim-n		100.0	151	70.37	0.55	ARCHIVED	yes	-	-	-	-	-	active	
zebrafish	rna	embryo	zf_gse70549_rna	SRR2087777	PRJNA288987	GSM1808910	PAIRED	1.63	76	ENA	none	0	--trim-n		100.0	151	70.56	0.55	ARCHIVED	yes	-	-	-	-	-	active	
zebrafish	rna	embryo	zf_gse70549_rna	SRR2087778	PRJNA288987	GSM1808910	PAIRED	1.40	76	ENA	none	0	--trim-n		100.0	151	70.85	0.55	ARCHIVED	yes	-	-	-	-	-	active	
zebrafish	rna	embryo	zf_gse70549_rna	SRR2087779	PRJNA288987	GSM1808911	PAIRED	1.79	76	ENA	none	0	--trim-n		100.0	151	70.83	0.17	ARCHIVED	yes	-	-	-	-	-	active	
zebrafish	rna	embryo	zf_gse70549_rna	SRR2087780	PRJNA288987	GSM1808911	PAIRED	1.77	76	ENA	none	0	--trim-n		100.0	151	70.98	0.17	ARCHIVED	yes	-	-	-	-	-	active	
zebrafish	rna	embryo	zf_gse70549_rna	SRR2087781	PRJNA288987	GSM1808911	PAIRED	1.53	76	ENA	none	0	--trim-n		100.0	151	71.41	0.17	ARCHIVED	yes	-	-	-	-	-	active	
zebrafish	rna	embryo	zf_gse70549_rna	SRR2087782	PRJNA288987	GSM1808912	PAIRED	1.81	76	ENA	none	0	--trim-n		100.0	151	72.07	0.13	ARCHIVED	yes	-	-	-	-	-	active	
zebrafish	rna	embryo	zf_gse70549_rna	SRR2087783	PRJNA288987	GSM1808912	PAIRED	1.78	76	ENA	none	0	--trim-n		100.0	151	72.17	0.13	ARCHIVED	yes	-	-	-	-	-	active	
zebrafish	rna	embryo	zf_gse70549_rna	SRR2087784	PRJNA288987	GSM1808912	PAIRED	1.54	76	ENA	none	0	--trim-n		100.0	151	72.83	0.13	ARCHIVED	yes	-	-	-	-	-	active	
